{"MODEL_PATH": "./models/v1/AGPT_small_without_mask.pth", "BATCH_SIZE": 32, "BLOCK_SIZE": 12, "EVAL_INTERVAL": 500, "EPOCHS": 3000, "LR": 0.001, "DEVICE": "cpu", "EVAL_ITERS": 200, "MANUAL_SEED": 22, "DATA": "./datasets/qa_conversations.txt", "N_EMBD": 32, "NUM_BLOCKS": 3, "DROPOUT": 0.0, "HEADS": 4, "num_params": 73502, "train_loss_list": [6.419907093048096, 0.4591911733150482, 0.2721395492553711, 0.23884563148021698, 0.22586111724376678, 0.21943889558315277], "test_loss_list": [6.425194263458252, 0.444753497838974, 0.2721627950668335, 0.23443618416786194, 0.22573524713516235, 0.21652984619140625]}