{"MODEL_PATH": "./models/v1/AGPT_small_with_scaled_attention.pth", "BATCH_SIZE": 32, "BLOCK_SIZE": 12, "EVAL_INTERVAL": 500, "EPOCHS": 3000, "LR": 0.001, "DEVICE": "cpu", "EVAL_ITERS": 200, "MANUAL_SEED": 22, "DATA": "./datasets/qa_conversations.txt", "N_EMBD": 32, "NUM_BLOCKS": 3, "DROPOUT": 0.0, "HEADS": 4, "num_params": 85790, "train_loss_list": [6.412798881530762, 2.46590518951416, 2.1180460453033447, 1.862657904624939, 1.7057818174362183, 1.5615862607955933], "test_loss_list": [6.402284145355225, 2.458972215652466, 2.1063830852508545, 1.847683072090149, 1.7256208658218384, 1.5774667263031006]}