{"MODEL_PATH": "./models/v2/AGPT_sm.pth", "BATCH_SIZE": 32, "BLOCK_SIZE": 16, "EVAL_INTERVAL": 500, "EPOCHS": 5000, "LR": 0.001, "DEVICE": "cpu", "EVAL_ITERS": 200, "MANUAL_SEED": 22, "DATA": "./datasets/qa_conversations.json", "TOKENIZER_DATA": "./datasets/qa_conversations_processed.txt", "N_EMBD": 32, "NUM_BLOCKS": 3, "DROPOUT": 0.1, "HEADS": 4, "num_params": 1988400, "train_loss_list": [10.439228057861328, 4.206623554229736, 2.810861587524414, 1.8104461431503296, 1.2247875928878784, 0.8718881011009216, 0.6552137732505798, 0.525266170501709, 0.41573211550712585, 0.3583914041519165], "test_loss_list": [10.46052360534668, 6.267035961151123, 6.700127601623535, 7.511641979217529, 8.437633514404297, 9.214980125427246, 9.902541160583496, 10.487926483154297, 11.140671730041504, 11.654589653015137]}