{"MODEL_PATH": "./models/v1/AGPT_small.pth", "BATCH_SIZE": 32, "BLOCK_SIZE": 12, "EVAL_INTERVAL": 500, "EPOCHS": 3000, "LR": 0.001, "DEVICE": "cpu", "EVAL_ITERS": 200, "MANUAL_SEED": 22, "DATA": "./datasets/qa_conversations.txt", "N_EMBD": 32, "NUM_BLOCKS": 3, "DROPOUT": 0.0, "HEADS": 4, "num_params": 73502, "train_loss_list": [6.423359394073486, 1.5651394128799438, 0.622789740562439, 0.40302422642707825, 0.33661383390426636, 0.28386855125427246], "test_loss_list": [6.427455902099609, 1.5452216863632202, 0.6212809681892395, 0.3840794861316681, 0.32414549589157104, 0.27135220170021057]}